emotion,utterance
disgust,ugh
joy,they keep throwing these sexual harassment cases at me and i keep knocking them out of the park
joy,hey
joy,no i came here to tell you something else i came here to tell you i still love you
surprise,what
anger,hating you
non-neutral,yeah you suck and shut up and go home
neutral,and then when they do it they re left with a big black pencil line right down the center of their face
anger,well lots of people look are you coming to memorial service or not
surprise,oh my god
joy,okay elizabeth hurely
neutral,what happened
neutral,umm actually i was about to tell you that i was i was going to get out of it but hey if were just goofing around then uh maybe i
sadness,some little girl loaned her uniform to her nineteen year old sister who went down to the u s s
surprise,phoebs its open its open
disgust,oh no no no no last time i left a spontaneous message i ended up using the phrase yes indeedy o
joy,hey
neutral,okay
disgust,yeah
joy,i love hiking
anger,no you have been screwing us all day
disgust,i don t mind paying my dues yknow its just how much am i gonna learn about fashion by walking mira the arthritic seamstress to the bathroom
sadness,look i just lost my other job
joy,oh yeah i d love that
non-neutral,we re not peeking
disgust,nah
surprise,what
anger,i turned it off mother of god i turned it off
non-neutral,who in the hell are you
anger,come on
surprise,what ow
neutral,ah just one other thing
neutral,that s bill clinton
neutral,oh my god honey we are so meant to be together we both have copies of the
sadness,that was a pretty tough year
joy,hey pheebs it s joey
sadness,did i use that already today i m sorry
fear,okay here goes
fear,exactly so you didn t didn t mention anything to issac right
fear,but theyre not here yet
fear,just uh just stand up straight
sadness,dad we we can t believe you re selling the house
joy,i know its great
neutral,okay joey tribbiani invited me back to his apartment now does he do this with a lot of girls
surprise,oh my god that s pete but why is bill huggin pete
anger,oh shut up you know its a rebuilding year you waah
anger,hey dont blame me for wigging tonight
non-neutral,i knew that was him
joy,oooh it s getting close
sadness,all right all right i ll do it
joy,thank you thank you thank you and
disgust,hey lady i dont care how much you want it okay i am
anger,well are any of those people here
neutral,ok alright ok um then could you please uh just give him a message for me please this is
non-neutral,it s just so frustrating why doesn t she want my breast
disgust,ok is there a mute button on this woman
disgust,hi uh nothing that horrible woman just took my machine
neutral,no not anymore
fear,i m sorry i wa i wa i was just ah
neutral,i
neutral,bye
neutral,yes if it really doesn t mean anything because you know that i m just not ready
non-neutral,you re turning into a woman
sadness,its i mean its nothing im fine
surprise,hello oh hi ross see other people call me
neutral,yeah that s right
surprise,thats it
disgust,okay i hear you are you capable of talking about any thing else
neutral,ok now remember when you get to the museum monet is not spelt m o n a y
surprise,he does
neutral,and just to be on the safe side dr wells wanted a more comprehensive overview of you status so he sent me
joy,fine maybe i will too
fear,well i i said yes
anger,we re not throwing it away i built that canoe
disgust,oh my god he threw up
sadness,oh i wanna quit but then i think i should stick it out then i think why would such a person stay in such a demeaning job just because it s remotely related to the field they re interested in
neutral,yeah but i thought that was because i put the whole thing on my hand and made it walk across the table
neutral,well at the christmas party him and santa did some definitely gay stuff
anger,phoebe i asked you to guard the ring
fear,i know i probably shouldnt even tell you this but im pretty much totally intimidated by you
neutral,string
joy,hey
fear,thanks but i kinda have a problem to deal with here
neutral,it was
non-neutral,no never never bye
anger,because i sure as hell can t figure it out
fear,dont let him in im supposed to be at a regatta gala
anger,ohh phoebe this is all your fault now he loves her he s gonna marry her and this is all your fault
disgust,but i stand by my review i know food and that wasn t it
anger,hey it s your thanksgiving too yknow instead of watching football you could help
sadness,you do attract some stinkers
anger,so if you can help me find my father then you should
surprise,wow she is pretty huh
surprise,yeah what what are you doing here
surprise,are you sure
anger,wh ross what do you want from me
joy,okay
non-neutral,and do you remember going into my purse and stealing the phone
disgust,oh no oh no oh no oh no no no no
sadness,it was dreadful i felt terrible about how i acted when you said those wonderful things
sadness,oh i know
non-neutral,hey are you okay
surprise,oh yeah
sadness,it s hard this whole platonic thing
anger,i have a bone to pick with you
non-neutral,is this my fault
surprise,including me
neutral,yknow what you should do you should get her one of those um barium enemas
neutral,chandler
surprise,wow how do you know how to do that
non-neutral,chandler you have the best taste in men
anger,and now pheebs you re doing the same thing
joy,that s right
neutral,okay this is what i m talking about this i i need to live in a land where people can spill
anger,nothing its over dammit this is regularly scheduled programming
fear,sweetheart just gimme gimme another chance okay well start all over again well go back to aruba
neutral,okay
non-neutral,yes
fear,oh yeah well you know me babies responsibilities ahhh
fear,oh god okay alright alright okay ross please dont hate me
disgust,i mean that ain t a pretty picture in the morning y know what i mean
surprise,phoebe you got joey drums to annoy rachel so she wouldnt wanna live there anymore
fear,she is gonna hate me
surprise,aww look at the little thing
anger,who cares
sadness,oh see now i feel bad for the kid
fear,um no
non-neutral,oh so forget about the birds but big red insects suggest fine dining
non-neutral,hmm soup i mean noodle soup i mean soup
disgust,all right fine dont do anything just sit here and talk to us meanwhile she is talking to him about you
joy,plus y know i love you guys and and it would really mean a lot to me
fear,wait wait wait wait wait wait wait wait
disgust,no we hate him
neutral,well actually uh there was something we wanted to tell you about the wedding
neutral,okay we have a lot of options here a number of prototypes for you to try on
fear,honey i swear i wasn t looking at her
joy,all right there are no questions in the happy place okay just the warm breeze and the moonlight flowing through the trees
neutral,oh
neutral,no no to test his neck strength
anger,it s not even a song
neutral,oh
surprise,what do you what do you mean
disgust,no no no i wouldn t do you myself i mean that would be weird
anger,come on man youve been here all day
fear,are you really gonna do this
fear,just hear me out
sadness,it took me years to find one man that i wanna spend my life with if i have to wait another years then ill be before i can have a baby and thats just stupid
sadness,i kinda feel like its my fault
anger,oh my god chandler the one you picked is gone it s over
fear,oh boy i just cant watch its too scary
neutral,okay it ll take just a little while to prepare the embryos
surprise,really
non-neutral,yeah
anger,and were not a couple of suckers
anger,i thought i told you to get outta here
non-neutral,but it is a big deal i have to tell someone
fear,sure now i m scared
sadness,its a money thing we dont have any
disgust,close shes got her tongue in his ear
disgust,okay this isnt working im still awake and now i have to pee
joy,tulsa is heaven
neutral,no
joy,they call me cookie dude
sadness,this is the worst christmas ever
neutral,yeah umm that s whitney kyle s ex wife out there now do you think that you can y know divert her so that we can slip out
sadness,i m sorry i didn t i don t come in here a lot
anger,i can t believe i did this what an idiot
non-neutral,i don t know my mother spent most of her money on her fourth wedding
anger,thats it
surprise,i can t believe it
anger,i could play the oboe
disgust,you slept with somebody three hours after you thought you broke up i mean bullets have left guns slower
joy,he is so cute
disgust,this place is so overpriced
surprise,flying a jet
fear,f hah flennin
joy,oh good
sadness,david the scientist guy david that i was in love with david who went to russia and broke my heart david
sadness,i am so sorry
surprise,okay that s why you didn t want me to touch him right
non-neutral,oh god
non-neutral,so anyway um his head is like flopping down broadway right and im just thinking how inappropriate this is
surprise,ahhh
fear,it it it s no big deal all right i m i m cool
anger,i could ve been killed i hope you know
sadness,ohh okay i m sorry
surprise,am i naked again
anger,go
non-neutral,no no no no one can beat me
joy,yeah
joy,well you promised me a fun road trip
surprise,he forgot to leave his grip size
joy,richards living room drinking wine
sadness,i m sorry i thought i could do it and i can t
non-neutral,did you not hear me say du ude
anger,enough
non-neutral,well i ve forgotten what it tastes like okay
joy,oh i just wanted to say hey
surprise,what are you doing here
disgust,im like those women that you see with shiny guys named chad
anger,horny bitch no you re a horny bitch noooo you re the horny bitch no you re a horny bitch
sadness,joey i can t stand the thought of having this baby with you mad at me
fear,no no you can t you can t okay you can t you can t buy her pearls you just can t you can t you can t
anger,you dont even know me
non-neutral,its like like shes the princess and im the stable boy why are you doing this huh
neutral,oh you go out with him
anger,what kind of father do you think i am
disgust,no no how you doing man i mean not even a cup of coffee first
non-neutral,no no no it s flattery
surprise,my god okay ha ha ha beat ya sucker
neutral,but i can t tell you
disgust,or else youre pretending that youre seeing somebody which just makes you so pathetic that i could start crying right here in the cereal aisle
joy,hey
disgust,noo
anger,hi i m rachel is my sweater too tight no oh i d better wash it and shrink it
disgust,ugly naked guys laying kitchen tile eww
neutral,and
disgust,oh my god stu i i can t believe you did this now are you absolutely sure she s a hooker
neutral,well heres your phone doctor
surprise,oh you re serious sure
non-neutral,all right well i guess i gotta go get a job i m gonna go see my agent
neutral,what are you writing
joy,hi joey its jane rogers cant wait for your party tonight
joy,monica you gonna be very proud of me i just got us dates with two unbelievably cute nurses
disgust,god i feel violated
joy,you re loyal you re honest and you have integrity
disgust,you sound like a guy
surprise,hey listen lady whoa
joy,okay this is it were gonna get married
anger,okay well my girl from the other night was special she was a scientist too
disgust,ugh
fear,terrified
anger,noo i don t care i m not i m not gonna playing one on one strip poker with you for practice
disgust,the next time you want to dump a fire alarm in a trash chute don t wrap it in a blanket that says property of phoebe buffay not monica
joy,hello one marriage please
neutral,yeah
joy,yeah yeah and if i get it by day i ll dr drake remoray but by night i ll be joey trrrribbiani
neutral,joey if i go first i wanna be looking for my keys
neutral,honey you re not gonna make enough money to help frank and alice just by selling knives
non-neutral,i have never known love like this
sadness,forever
joy,yep we wanna get married
sadness,great monica yknow what you couldve called i have been up here ive been worried
fear,uh oh
sadness,okay i uh i cant see you anymore
sadness,yeah me too
sadness,ohh that s too bad
joy,thats fun
non-neutral,well she ll understand right it s not like i did it on purpose
surprise,oh my god wh what happened
joy,yeah baby
disgust,that s a good idea dear janice have a hubba bubba birthday i would like to get her something serious
anger,oh my god go away stop looking in here
fear,i dont know you guys
anger,chandler we have talked about this
surprise,sweety what are you talking about
non-neutral,oh between you telling him that i wanted to have a fling and me putting out on the first date oh he s so gonna get the wrong idea
fear,du du i wrote it i wrote it on the board
neutral,i think you ve made such a nice home for her over the last nine months that she just doesn t want to leave
anger,no the quiet down thing
anger,hey ross i told you i don t
fear,whatre we gonna do whatre we gonna do
joy,okay you hard worker i ll remember to put that in your evaluation
anger,uh huh well but umm still i m i m mad at you
anger,i don t care the wires have come loose in your head
surprise,why
joy,well maybe we will oh
neutral,oh hi ju hi jew
neutral,no no it was the candles
surprise,yeah hi mark
disgust,what are you talking about mindy the guy is the devil hes satan in a smock
non-neutral,the front page you really do live in your own little world don t ya
disgust,how rude
neutral,thank you im going to rejoin my dinner party
surprise,what s going on
surprise,maybe
surprise,oh i knew it what happened
joy,thank you ross
fear,but the audition s in a couple hours and i don t even understand the game
non-neutral,no no no no
sadness,yeah well umm
disgust,all right
neutral,okay
sadness,yeah i m fine
surprise,wow oh it looks like ross is breaking up with her
disgust,what the hell s a matter with you
disgust,oh aint that nice the three of you trying on slutty lingerie together
neutral,then we can put you in bed okay
surprise,you can
sadness,i just saw danny getting on the subway with a girl and he had his arm around her
non-neutral,will you marry me
disgust,pheebs wake up and smell the restraining order
disgust,man we gotta do something about that guy
non-neutral,okay because i know that this is my father
joy,hi
anger,no
surprise,okay ow ow oh oh
fear,you are really frightening me
surprise,uh huh wow well look there s frank
joy,you have to tell her
disgust,okay goodbye
sadness,i i wasn t in that
joy,oh that s okay i can t wait to see everything again all of the memories
non-neutral,oh god
non-neutral,okay i m running out of places i can touch him
disgust,you see that guy he s in classics now but yknow as soon as we leave he s going straight to the porn
disgust,no
joy,okay
joy,bwah hah hah
joy,do it
non-neutral,listen phoebe
sadness,no me i am so sorry
sadness,this poor guy s been in a coma for five years it s hopeless
surprise,should i not have told you
fear,no no wait wait i can t just let you hang up just please talk to me
neutral,because every time i look at that cover i m like
sadness,i m sorry
neutral,i am
neutral,hey ross it s joey there s a hooker over here and we thought maybe you d know something about it
surprise,god
disgust,youre one to talk
anger,ohh ho hooohhh the hair comes out and the gloves come on
fear,okay okay okay should i be scared
neutral,oh all right
sadness,your good heart rach and and
anger,i don t have time to convince you because he s only here for four hours and i m gonna go see him
sadness,what can i do one person wants to break up you break up
surprise,what happened in atlantic city
fear,by then the cheesecake may have gone bad we don t want her to come back to bad cheesecake
non-neutral,how needy do i want to seem
non-neutral,oh my god oh my god
surprise,youre nose is bleeding
surprise,really
non-neutral,i have to pee and rachels in the bathroom
anger,hey i did not dump rachel nor are we still together can i just why don t we just let the machine get that
joy,oh wow you look great glad you could make it
disgust,you bought your sheets at a flea market ross come on you gotta loosen the purse strings a little
neutral,yeah i can just go home and get back at him by myself
disgust,yeah that s what i drive i make four bucks an hour i saved up for years
surprise,what are you doing here
joy,let s also get a hot plate
surprise,the weirdest thing happened at the coffee house i think i think phoebe was hitting on me
anger,and you i throw myself at you and you say no how gay are you
fear,you tell her jack i can t do it
joy,great okay here
disgust,oh yeah first off all chasing the churo guy isnt jogging
non-neutral,well i don t understand why adrienne s attracted to victor
disgust,yeah well next thing you know he ll be telling you that your high heels are good for his posture
surprise,what what what is it
sadness,oh totally oh god oh she seemed so happy too
joy,i can t believe you re gonna ask monica to marry you
joy,i must say its nice to see you back on your feet
disgust,wo women you mean like old women
sadness,its awful i know i mean i feel terrible but i have to do this if i want my marriage to work
non-neutral,yeah thats the same as it has something to do with wind
disgust,and youre not supposed to be gossiping
anger,look
fear,yes yes yes i did but but it was it was just a one night thing it meant nothing
surprise,its still there
neutral,date of birth
joy,rach you re in a great place in your life come on you ve got a great job good friends
fear,i i i have to tell you something
non-neutral,i didn t i never said that
anger,big deal
non-neutral,remoray
joy,wow nice manly and also kind of a slut
non-neutral,hey
anger,well we ll see
joy,hey
fear,no no sir umm she means a lot to me i mean i care i i love rachel
fear,im telling you somethings wrong my brother does not stay out all night
joy,you know the song sing along
fear,bob
fear,no ross ross ross my child has no father
fear,you dont think theyll judge and ridicule me
disgust,what we did was wrong oh god i just had sex with somebody that wasnt alive during the bicentennial
fear,i mean have you seen a car come by here in the last hour and a half
neutral,so see ya on saturday
non-neutral,hey look this name has been holding me back my entire life
non-neutral,all right let s do it
neutral,oh y know what
non-neutral,well neither do i
non-neutral,you had fantasies about emily
disgust,no it was painful oh my god they should call it pain zine now with a little wax
surprise,toby oh for gods sake i dont know what shes talking about
fear,im not fine here she comes
anger,you said i was boring ohh
anger,ross if you don t tell them then i will
neutral,can i help you
joy,oh oi ho yeah
sadness,i know i know but can we please try it again huh i mean you were
anger,not after this
anger,no drinks near the bucket
joy,ohh and the nicest girlfriend
non-neutral,a stripper at a bachelor party that is so clich why dont you get a magician
surprise,whoa
disgust,yeah yeah you go talk to your friend you tell him nice try
anger,don t call us that
joy,well i m gonna fill in for him as food critic for the chelsea reporter
surprise,ow ow contraction ow ow ow ow
neutral,hey mikey
non-neutral,all the time
anger,what are you still doin here i told you lobster ravioli
disgust,you freak
non-neutral,hey buddy are you familiar with section b of the health code that requires all refuse material out the
anger,get out
joy,hey
fear,oh god
surprise,no way
non-neutral,there s nothing to handle
neutral,why would i tell him
disgust,i mean what the hell is that thing
sadness,it s one more thing in my life that s suddenly completely different
neutral,well not much has changed in the last five minutes
joy,ah ahh ahh
non-neutral,things happen and they happen
non-neutral,no hey i get that okay i get that big time
fear,can we please focus here a naked man s life hangs in the balance
non-neutral,he is so weird
sadness,the empty vase is not about you my baby you make me so sad that you would think this
joy,oh cmon shes a person you can do it
fear,what
joy,hi joey its jane rogers cant wait for your party tonight
surprise,oh
non-neutral,thats funny who are they
fear,no no no we gotta go come on here we go
disgust,weve got the ground up flesh of formerly cute cows and turkeys ew
surprise,im not crazy right i mean it was never like that
neutral,ah it s still not the time
sadness,you wouldve liked it
fear,listen i uh it s a scary world out there especially if you re a single mom
fear,no no rachel don t get it he can t see us
non-neutral,yknow she d say no but here we are
sadness,im sorry man i tired i really did
non-neutral,pheebs
disgust,ohh get a room
anger,and i m happy for ya but i m tired of having a relationship with your answering machine
surprise,i know
anger,no
fear,no no no no no you cant
surprise,apparently there s like a million guys out there that can play mac and there s only this one robot and this one guy who controls it
sadness,i am so sorry i spilled wine all over your shirt
sadness,well sid and i are trying again and we had trouble last time because apparently we
sadness,i have and i remember this part vividly a mouthful of pumpkin pie and this is the moment my parents choose to tell me theyre getting divorced
non-neutral,you are so bad
anger,well she graduated from high school
disgust,oh no no wait that s weird
sadness,i know you probably don t want to go out with me y know because i make too many jokes and i ve never been in a serious relationship and i guess i m not technically a doctor
surprise,oh no where to too paris
surprise,phoebe what what happened here
non-neutral,i can t do it
surprise,yeah
non-neutral,he is right isn t he
anger,out
sadness,okay i don t know what to do anymore
disgust,and hes being mr joe sensitive and she starts thinking maybe this is the guy for me because he understands me
joy,great go get him
neutral,ennnh
anger,yknow hey you re the one who ended it remember
anger,ring dammit ring
joy,they look great does your boyfriend have the best taste or what
neutral,i mean it s like every guy i see i mean look here
neutral,what
sadness,sorry
non-neutral,oh ross you re right i don t know why i always thought this was real grass
non-neutral,hey how do you guys get anything done
surprise,bobs a mom
surprise,fantastic i have one question how is that possible
anger,y know boyfriends and girlfriends come and go but this is for life
non-neutral,no you didnt you said you would but you never did
joy,that s great good for you guys
non-neutral,oh stop it joey already told me
fear,i can t live like this what are we gonna do what are we gonna do
non-neutral,let s go big bunny
neutral,so i though about what you said and i though about what he said and well his way i get to have sex tonight so
surprise,hey me too
neutral,hey you guys guess what
anger,oh sure i am because you always have to be right
anger,it was my quarter
fear,let her know i like her
fear,okay see now i m scared because i don t actually think you re kidding
disgust,i m torn between my integrity and my desire to avoid a beating but i must be honest your soap is abysmal
fear,alright you guys we can t turn on each other okay that s just what she wants
sadness,umm listen i am sorry but i ll put some out first thing in the morning
disgust,i mean look at him look at you
sadness,hi ben so you wanna be an actor huh i gotta tell ya its no picnic theres tons of rejection
disgust,why dont we just put poor little tooty out in the hall
non-neutral,my wife s a lesbian
sadness,i m sorry i m so sorry
sadness,cause shes shes alone now and pregnant and and sad
sadness,nothing like it in this lifetime money in the bank so rachel and i broke up
disgust,yeah well you wouldnt think it was cool if youre eleven years old and all your friends are passing around page of mistress bitch
joy,i actually feel like i m going on a real date
fear,oh uh i actually came here to ask you out
anger,like like like i did something terrible to you
fear,shh get me out of here
neutral,you wanna you wanna grab some coffee
anger,stop callin
disgust,do you have any respect for your body
disgust,all right look if you insist on wearing that in public y know you re gonna spend the rest of the afternoon all by yourself
non-neutral,here we go again
neutral,im afraid i cant let you do that joe
non-neutral,well y know i m i mean who needs a savings account
surprise,these pants are burning up
anger,no
joy,well now i get to spend my shower with the only people i really love
sadness,sorry
joy,kinda but i ve just been having way too much fun
fear,oh uh
disgust,i don t even know the man okay we re not that close i haven t seen him in years
disgust,so rocks
anger,hey hey hey thats not the rule and you know it
disgust,oh classy
neutral,gimme this
joy,yeah
neutral,yknow we work in a museum of natural history and yet there is something unnatural about the way we eat lunch
fear,no you cant friends hooking up is a bad idea
joy,how ya doin welcome good to see ya
neutral,yeah
surprise,oh my god that s david
joy,remember when we went to central park and rented boats that was fun
surprise,he asked you out
joy,me too
sadness,the doctor says its a matter of hours
joy,you guys were totally right
neutral,all right i see what you guys are saying ill uh ill go downstairs and fill out an application
fear,it s it s too soon
non-neutral,ross is so crazy about you and i really wanted you to like me and its probably me being totally paranoid but i kinda got the feeling that maybe you dont
anger,that kid really kicked me hard on the plane
joy,we have so much in common
neutral,i ll do it
disgust,whats with her
joy,dum dum dum dum dum dum dum dum dum dum
anger,that almost hit me in the face
surprise,what why
anger,arent we a little old for this
anger,yeah
disgust,does that smell bother you
sadness,ooh i miss dating
anger,bastard
surprise,it was like months ago
neutral,how about we talk about this over dinner
joy,ooh great thanks
neutral,hi
fear,no that could kill her
surprise,what
neutral,so you re playing a little
sadness,and then maybe they re gonna have to leave the city to be near a
neutral,and uh and david over there i heard he doesn t wear a cup
surprise,oh my god i can t believe this is a real check oh this is just so exciting
neutral,hello joey
anger,no you guys i am not getting in a car with him you ll have to think of something else
neutral,hold it hold it
disgust,did anybody else feel they just wanted to peel the skin off their body to have something else to do
surprise,uh wow
sadness,i can t
neutral,but i was just thinking that since those guys just got engaged that maybe it would be nice if they had some privacy y know
fear,somebody wanna help me tryin to rip out my heart uh thats great anybody seen a nipple
anger,i don t have time for this
non-neutral,what uh oh
anger,and i wanna know why
anger,because i sure as hell can t figure it out
disgust,i ate a bug
neutral,okay here s batch
neutral,yeah its in there
sadness,you missed you re chance
disgust,well lets just say the impressions you made in the butter left little to the imagination
anger,hey hey y know what
fear,okay all right don t judge me to much
anger,fine here take a hike toots
surprise,hi and youre going into what grade
non-neutral,oh crap
fear,dude what am i gonna
neutral,if you have the big apartment you have to deal with people coming over all the time
fear,no don t i beg of you
sadness,you re right i m sorry
joy,ohhh that is soo sweet
disgust,and shame on you
sadness,she knows and she won t tell me
anger,but i told you i didn t have the time
fear,maybe they can take the needle and thquirt it into my mouth you know like a thquirt gun
sadness,yeah but i didn t get to see it
surprise,what why joey you were so ready for it
neutral,i ll be there
neutral,y know when we move in together can i get a gumball machine
surprise,excuse me
joy,pizza delivery
sadness,dont get your hopes up guys we only get to see her from the back or from the neck up
surprise,what
joy,yeah i m gonna have a baby i m gonna have a baby i m gonna have a baby
non-neutral,dude what are yo you trying to kill me
surprise,man can you believe hes only had sex with one woman
anger,and you can leave the hurt bunny look over there too
surprise,what
fear,oh now daddy stay calm please
surprise,oh god
neutral,hey youre not rich are ya
disgust,yeah i dont like that word
sadness,ok ok so youre not a fan but i mean come on you cannot do this to her
anger,no but you shouldnt dont ever do that again
anger,okay see that blind guy right there im gonna bash his head in later
anger,and stop using my name
disgust,oh well that s what i thought about my first husband now i m lucky if my kid gets to spend the weekend with her father and the twins and little ms new boobs
non-neutral,well basically lately ive uh ive uh sort of had feelings for you
disgust,eh yknow what she s to political she probably wouldn t let you do it unless you donated four cans of food first
sadness,ohh and i don t even have a date
joy,you re the first guest at hotel monica
joy,hey
joy,id like to propose a toast
disgust,that s weird
non-neutral,okay could you just stop talking for a second yemen that s right yes i m being transferred to yemen
fear,that s funny does it does it hurt does the labor hurt
non-neutral,ezels
fear,kinda spooky without any lights
non-neutral,phoebe knows and shes just trying to freak us out thats the only explanation for it
disgust,we hate that guy
anger,are you kidding me joey joey joey joey joey joey joey joey joey joey
joy,yes
neutral,well they go into the chipper
joy,there he is
surprise,oh my god are you kidding
disgust,okay lady youre out of here
joy,that s right you lose sucker please still marry me
joy,all right i ll have a sandwich
surprise,i cant believe youd rather go out with him than me
neutral,oh i i have plans tonight
sadness,cause all i ever get to do now is pregnant stuff it just bums me out
sadness,i m sorry
anger,well why don t think of someone else for a change
sadness,so do you think you can forgive me
neutral,all good thanks do you maybe have a nickname have like a nickname that s easier to rhyme
disgust,yeah hate him
joy,howdy partner
non-neutral,now i gotta be careful
sadness,ben i want you to know that there may be some times when i may not be around like this
sadness,in that um they dont
non-neutral,oh dad really you don t need to
neutral,im back
neutral,hi sorry i m late were you sleeping
surprise,is he crazy you just had ross s baby
non-neutral,get out of here you lurker go on get
non-neutral,shes also a scientist so shes very smart and pretty and well its actually because of you really that were together i mean i saw what you had with that mike guy and i just said boy i want that
sadness,yeah
disgust,oh no
fear,i want her to think i might be in a restaurant yknow
fear,please please we just dont want to deal with telling everyone okay just promise you wont tell
neutral,yknow if youre gonna work late i could look in on him for you
anger,look this is my home and i want to be able to come and go whenever i want
neutral,yeah
fear,oh joey dont
fear,dont say it
neutral,i have a question about this scene
sadness,im sorry
non-neutral,ahh nooo
joy,ho ho you win dollars
surprise,david what what are you doing here aren t you supposed to be in russia
disgust,save it red unless you wanna spend the night in the slammer you apologize to the tree
disgust,you re marinara sauce tasted like tomato juice
non-neutral,oh maybe these ll taste a little like your grandmother s
anger,damnit
fear,no i mean no not you not you you you
surprise,oh my god are you serious
non-neutral,we were playing chess you said i was boring and then you took off your energy mask and you were cameron diaz
disgust,oh so youre saying youd choose convenience over health
sadness,i can get out joey i have too but then i lose my nerve and i always finish with go to the bathroom
anger,she broke my arm
neutral,well half a brownie
neutral,thank you just make yourself comfortable
sadness,yeah but
joy,go go go
non-neutral,oh i know
anger,you apologize to the tree right now or i am calling for backup backup backup
fear,please right now no every time i see him it s like is it on the lose is it watching me
joy,little toast here ding ding
fear,take whatever you want just please don t hurt me
anger,dude if you go back out there you re gonna be dead ross
anger,cut me a real piece
surprise,what what
disgust,oh well don t take it to the same place you took the stereo cause they ve had that thing for over a week
joy,thanks for letting me stay here i mean monica s place was nice but her fianc e sure stares a lot
non-neutral,or incredibly offensive
disgust,we are bad people
sadness,it s too complicated with you and rachel and the baby i i just it just wasn t meant to be
fear,what am i going to do
sadness,hey uh i m really really sorry about what happened in the cafeteria today
sadness,oh that s too bad i ve kinda been saving up uh are you sure there s no studies i can participate in
anger,oh my god where the hell have you been
joy,yeah
non-neutral,that sounds great
sadness,i dont want to be single okay i just i just i just wanna be married again
joy,um the matador ole ha ha ha
anger,i don t care about your dad i care about mona she was there and now she s totally freaked out
surprise,what it s o clock
surprise,you do that every year
surprise,oh really
disgust,dad please don t pick your teeth out here
disgust,she sells drugs to kids
sadness,ye ye yeah yes i do
joy,oh wow uh yeah that sounds great i m just gonna put this back in my pocket pretend
joy,did that
surprise,you really think it would be that different
neutral,women love guys who love babies
disgust,pheebs this guy has been obsessed with your sister for god knows how long okay you dont just give up something like that
surprise,oh barry come on this is all way too
neutral,y know what i think it is
neutral,i just i feel i i just
neutral,we will take a moonlit walk on the rue de la
surprise,oww joey she just kicked me
non-neutral,oh sure i m sure
joy,lets go
non-neutral,no it s uh my ex wife whitney is out there i cannot deal with her right now that woman is crazy
sadness,oh honey come on i m sorry i didn t
sadness,that s not how that was supposed to come out
non-neutral,oh yeah if you re gonna make me choose between you and the hat i choose the hat
fear,umm i ve been thinking i m just gonna come out and say it
non-neutral,i m just doing it to get back at ross
fear,uh oh
sadness,i m sorry i m sorry i m sorry
disgust,you two will have very hairy children
non-neutral,oh god ross i cannot do this
anger,what about my children drake huh no no no god
fear,come on pick up pick up
surprise,really
anger,and if and if you don t understand how important this is to me well then perhaps we shouldn t get married at all
joy,yeah
joy,oh oh that s great
fear,ross umm youve been in there for a long time im starting to get kinda freaked out
surprise,why
non-neutral,ha ha it s not my baby ha ha ha
fear,oh no could i get anyone a coffee or poison no just for me okay
disgust,including umm evil bitch and uh sick bastard
neutral,no i ve just always wanted to do that can you help me clean this up
disgust,cause you re a little princess daddy buy me a pizza daddy buy me a candy factory daddy make the cast of
fear,four please i m really nervous thank you
disgust,rachel its not that your friend is bad its that shes so bad she makes me want to put my finger through my eye into my brain and swirl it around
joy,hey so estelle lined up a bunch of auditions for me tomorrow and i ll have my health insurance back in no time
fear,was it my work were they mad was it jack did he yell
disgust,i dont care if you are my brother
neutral,my brother the phd would like to know if theres any way to treat this orally
sadness,then she ll have to come back here and live all alone
surprise,you really like it
fear,this is a freaky place
disgust,will you grow up im not talking about sexy stuff but like when im cooking naked
anger,im just gonna go over there and confront them right now
sadness,i mean why am i only attracted to guys where there s no future
non-neutral,i know it sounds crazy but chandler this is the greatest sandwich in the world
anger,now look i deserve to know where i came from
sadness,i can never kiss you again when its all i can do not to kiss you right now
anger,stop going through my stuff
fear,look confident
anger,go little boy go
joy,tomorrow night it is then i should be out of court by six
disgust,well you should be embarrassed
sadness,yknow what the saddest part is when we were playing together that was like the most fun i ve ever had in like all my lives
surprise,i don t know how any of these got opened
joy,sure
joy,me too
sadness,well i kinda wanted to sell the cookies the girl who sells the most wins a trip to spacecamp and gets to sit in a
sadness,oh god i m sorry about this
joy,yes
joy,hi
fear,i i keep hearing all these rumors that i might get fired
surprise,the ring is gone
surprise,what
joy,nine months from now we can be here having our own baby
disgust,dude you are sick
surprise,you told her before you told us
sadness,anyway she didn t want to stay
fear,well she walked in when i was looking at the ring brochures you can understand that right guys guys
joy,hey there little fella
fear,what did what did he say
sadness,because its impossible to find her apartment she lives in some like of hot girl parallel universe or something
neutral,hi okay don t be mad at me but i couldn t resist
joy,hey how s my pal toby doing today
sadness,now i look around this cafeteria and y know what i see i see i see division
neutral,is
non-neutral,oh
sadness,good bye monica i wish you a lifetime of happiness with him
surprise,look
non-neutral,we just broke up first thing she does
neutral,listen i know you wanted to talk to me but i have an idea that may make you want to stay married we register and
sadness,thanks
non-neutral,i know my grandmother s gonna see this
surprise,wow that was good that was tweezers
surprise,no
sadness,bye chandler i miss you already
sadness,well the old lady died
non-neutral,he obviously lost his mind
non-neutral,come on more
non-neutral,oh well that s great so i guess this is ah this is good bye then huh good bye
anger,oh my god i love ross i hate ross i love ross i hate ross
fear,but i really think i can do it i m just gonna need some help
joy,hey
fear,i was scared of telling you
surprise,youre not gone
non-neutral,remember when ross tried to say butternut squash
anger,yeah well missy you better be glad that list is laminated
sadness,were sorry
neutral,her names ronni shes a pet mortician
joy,thread
non-neutral,good job today
joy,of course he s gonna have his uncle joey
anger,hi is my misery amusing to you
anger,oh god get out
sadness,my bed s so boring
disgust,oh my god ohh that is it i m leaving you are just a horrible person
sadness,no no it s not it s not gonna be okay it sucks no swing band no lilies
anger,monica i m not gonna screw it up
fear,i i am brave
fear,i know dont switch hands okay
joy,thats great
neutral,hey rachel isnt that stuff almost pure
neutral,hi
fear,no no we
joy,hey
joy,you are not going to believe it joshua came into work today and guess what happened
sadness,i m sorry daddy
joy,hey
non-neutral,this is the first time in my life i m doing something that i m actually good at
joy,yknow what youre right phoebe youre right thank you
non-neutral,he s got something plastic lodged in his throat we ve got to go to the hospital
disgust,it made me nuts
anger,and this is not the only hospital in this city and we have no problem to whoa
sadness,ohh i lost my mom to suicide
non-neutral,wow nice manly and also kind of a slut
surprise,youre over me
anger,she keeps lying to me
disgust,no
sadness,so what about us everything we feel for each other
neutral,y know twin stuff is always a real big seller
non-neutral,i am hurt a plague on both your houses
fear,oh god
anger,no no you cant arrest me no i wont go back i wont go back to that hell hole
disgust,fun where was the fun tell me specifically which part was the fun part wheres my puck
fear,oh joey i have such a problem
non-neutral,just being friendly
neutral,okay
non-neutral,its just my knitting thats all yes i knit this im very good
fear,all right here he comes i m gonna do this i m gonna tell him i m gonna be strong
surprise,well when jake did it i saw that he was wearing women s underwear
sadness,one more chance ursula please
anger,fine
fear,cause i kinda all ready told her uh it was it was already taken care of
sadness,i should just go on to happier things okay umm why don t you tell about your lovely wedding
disgust,you have no idea how loud they are
fear,look i never should have kissed your girlfriend but i m
neutral,yeah no thats what i was thinking
non-neutral,hey hey hey now this was no one s fault pheebs okay it was an accident
sadness,look i know things have been a little tight since janine moved out
disgust,its ugh
sadness,im sorry thats all the time we have
joy,ooh phoebe s here okay let s turn out all the lights and we ll just watch the movie
disgust,well at least you re not hearing it for the first time at your fifth grade halloween party
non-neutral,i mean it is so annoying
surprise,whoooaa
fear,you re welcome i m sorry did i hurt you
joy,so wow this is pretty wonerful huh
sadness,this is hard
disgust,can we turn the tv off okay do we really want to spend the entire weekend like this
joy,well you said that you had customers lined up in the street so i am here to entertain
surprise,wow that s exciting you went to japan made up a woman
neutral,yeah a lot a lot a lot
neutral,that fridge has got to be stocked okay that s your department now
sadness,knowing ill never hold you in my arms again or touch your skin or feel your lips knowing ill never make love to you
fear,i im sorry sorry
neutral,i mean it s bad enough that i m in love with my roommates girlfriend which by the way i think she knows
fear,well i i got this blinding pain in my stomach when i was lifting weights before then i uh passed out and uh haven t been able to stand up since
joy,i m so happy for me
disgust,no no
neutral,which by the way is the real san francisco treat i got her machine
fear,i said geez relax monnnnn
non-neutral,have i got a surprise for you pack your bags
joy,good job couldn t have done it without ya
surprise,what are you guys doing together
sadness,maybe this would ve happened if i d been more nurturing or i d paid more attention or i had a uterus
non-neutral,the little jail between the doors
fear,god do think it really doesn t hurt cause how can they do that
joy,i m so glad you liked it
fear,uhh i think i just got engaged
non-neutral,okay no the important thing is that you see what i m saying yknow just yknow this is clearly wrong
sadness,stop it chandler i m sorry too
anger,hey it s been like three weeks
surprise,i cant believe he did this
sadness,i ve been talking to you for five minutes now about killing myself and no one s even looked up from their desk
neutral,hey joey come taste this
sadness,aww pheebs that sucks
sadness,well first for forgetting to throw you a bridal shower
disgust,oh ew ew ew ugh y know what this is too weird
disgust,ewww yeah umm i think i m gonna stay here
anger,okay
fear,okay i can t imagine i can t imagine my life without you
fear,look please please dont go anywhere okay
disgust,i know he s too charming but if you two start going out then it s just gonna make it so much harder for me to hate him
anger,your friends are outta here pal
sadness,please help me out for old times sake
disgust,oh this is just terrible
sadness,my late husband gave me that lighter im not kidding
fear,what am i going to do
neutral,yes
disgust,oh yeah he looked like a real lumberjack in those pink lacys
non-neutral,yeah i know its ridiculous i cant see you either
fear,um yknow before we go ah there s something i need to say
disgust,fine okay enjoy your concert
fear,but if
disgust,no you kidding the guys a freak
fear,no no no no
surprise,water breaking what do you mean whats that water breaking
sadness,oh im sorry
fear,but now that you re not i d really like to ask you out sometime
non-neutral,i m sorry
anger,okay i m next don t don t start another game i said i m next phoebe
anger,and don t you follow me
fear,joey joey something feels weird and not good weird i don t whoa
sadness,look i just saw my best friends brains smeared across the canvas that s not gonna be me not me
surprise,why
neutral,where you work the uh waiters eat with the waiters right
anger,okay stop
fear,how do you know
disgust,they rushed into this thing so fast it s ridiculous
non-neutral,guys
disgust,ugh monica i know about you and chandler
joy,listen i gotta tell ya i i m having a great time
disgust,oh yeah boy urine cuts
neutral,we fell asleep that is all
surprise,ok but you know what i gotta say im really impressed that you were able to memorize all this so quickly
anger,hey you wanna live to see your baby
sadness,yes and he said really mean things that were only partly true
fear,look i look i m having a great time with you and i just don t want us to move to fast or put to much pressure on us
sadness,i didn t know you and carol were getting divorced i m sorry
surprise,oh hey whoa whoa don t worry
neutral,what do you think of adding him to our team
disgust,you don t know how that happened your dog thought my diaphragm was a chew toy
disgust,well thats different my lie didnt make one of us a felon in states what were you thinking
fear,well it s just the reason that i m asking is because i kind of eh uh i was unable to i mean i really wanted to but i couldn t
joy,i know
anger,oh yeah really is it ross yeah okay well let me make this a just a little bit easier for you
neutral,so just bring it back downstairs what s the problem
joy,i already feel like i know you a little better
disgust,im joan collins
joy,ohh you and your ways since it s christmastime i m going to be one of those people collection donations
surprise,look at that guy by the window wow
non-neutral,i i can t help you
non-neutral,in fact i i i was married to one of them
neutral,you know where i work
neutral,you ll see
sadness,yknow for me anyway
non-neutral,that s okay all right i m gonna play song that s really really sad it s called magician box mix up
sadness,so if you wear that you ll make mine less special
fear,no thanks i have a good one too i just i i can t see him
surprise,i m not
neutral,oh yes it s me sorry
surprise,what
anger,i am not high maintenance
joy,done i did it heh who s stupid now
disgust,thats not what were gonna do
surprise,i do
surprise,ooh
joy,god you have to tell me what happens tomorrow
non-neutral,yeah its his uh innate alan ness that that that we adore
sadness,i m sorry i know this must be really hard it s over
neutral,what
surprise,what what what
non-neutral,hey now that was an accident okay
surprise,what s with all this sand
anger,we have no choice
fear,you know you probably didnt know this but back in high school i had a um major crush on you
fear,did she call you you told her i was sick right always tell her i am sick
joy,and y know what jake says that women s underwear is actually more comfortable and he loves the way the silk feels against his skin
joy,definitely phoebe you will not find a single game show host who s ass i cannot kick
non-neutral,i m really not deciding
surprise,eh i mean i mena shes not unattractive but hot i
disgust,dont you realise what youre youre doing to yourself
sadness,please promise me that you ll tell her that
joy,that was amazing
sadness,what i m just said
fear,listen can you promise me that you won t tell her though
surprise,what did you just say
joy,i do i do
non-neutral,all right all right i m coming over and i m bringing chinese food
joy,my surprise party
fear,yeah but i don t wanna die
disgust,ew what is that something exploded
surprise,whoa whoa whoa slow down you go
joy,oh aint this nice its so quiet i could just lie here all day
fear,what am i gonna do
disgust,i dont care rach look i am tired of being the guy who knows all the secrets but cant tell anyone
surprise,what do you mean this might be your only chance
sadness,okay i m sorry
neutral,no we re not
surprise,really
disgust,do you remember how he behaved at our wedding
disgust,oh my god what were you thinking
neutral,what
neutral,you bet maybe some other time
sadness,oh im sorry oh i just i thought we could have them whipped and then add some peas and onions
joy,lift and slide
joy,i love working with designers
joy,last night i just felt it and i went into joey s room and he was sleeping
anger,that s right wesley i just stopped by to say that you re not a real doctor and that woman s brain is fine
sadness,sorry pheebs
surprise,ahh
sadness,yeah its a real shame you cant make it to that one woman show tonight
neutral,well thats not a third nipple
fear,okay
non-neutral,could tonight be the night
surprise,oh my god
surprise,wait you re going out with kathy
fear,youd better act surprised
fear,does it
anger,that s my job
surprise,oh
non-neutral,she loves sandwiches sports although she is a met fan not much of an issue now but if we were ever to have kids well that s a
fear,don t don t just dismiss this so fast
anger,i don t care
disgust,you know it still smells like monkey in there
joy,i love you too
neutral,do you all promise
fear,and i need to flip the light switch on and off times before i leave a room or my family will die
non-neutral,we ll we ll take stuff from mine and whatever we can pass off as hers we ll we ll put em in there
disgust,oh my god you are pure evil
surprise,oh wow
sadness,you have no idea how much i need this
non-neutral,it s just yknow been a couple of hours and she hasn t called not that i even care yknow
sadness,and of course the indians
fear,that s funny umm it s not funny
anger,gimme the this
joy,all i could think of was y know is he gonna kiss me is he gonna kiss me
neutral,well i just wanted to see where you lived now give me the tour
sadness,i tried to reach you at work there s been a fire
anger,no
fear,oh no
surprise,i m sorry sir i don t understand
joy,come on you know thanksgiving ooh you got the bigger half whatd you wish for
non-neutral,ohh ohh
disgust,sells drugs to kids
disgust,now if after dinner you still really need to bust someone i know a hot dog vendor who picks his nose
non-neutral,no you didn t
sadness,wow i m never gonna have that feeling again am i
anger,you know what else i m not gonna miss
anger,no suds no save ok
sadness,i know no no yknow you don t deserve this you don t ross
sadness,i don t want to lose you
surprise,how can i
non-neutral,but hey look you know the good thing is is that we spent the whole day together and i survived and whats even more amazing so did she
surprise,rach are you okay
anger,it s not fair ross we got here first
neutral,all right lets go pheebs
disgust,nothing it s just old and dingy that s all
surprise,what guys im not
neutral,that s very good what s your name
non-neutral,but when we were in high school i made out with james farrell even when i knew that you liked him
joy,thank you you havent said anything
joy,that is a loooot of electricity
sadness,well that was depressing i think i just bought a soft pretzel from one of the kids from
sadness,but lately all the guys i meet seem really nice at first then they turn out to be the biggest jerks
anger,oh who should i blame the nice bell man who had to drag out luggage to different rooms
non-neutral,i guess joey was right it does nothing
disgust,no
non-neutral,y know one of them had never been to a bachelor party before
fear,go go go go go go go go go go
joy,oh yeah hes got that great baby smell get a whiff of his head
anger,oh some idiot customer put a suggestion in the suggestion box
fear,well theres no way im gonna get a shot
disgust,aww i dont want to see that
joy,all right let s play bamboozled
fear,youd tell me if you were moving out right
joy,i did it
neutral,he could never get a woman like that in a million years
sadness,umm ma am do you have a minute i kind of have some bad news i don t think i can move to tulsa
neutral,sorry about that so what have you been up to
anger,all right well there you go stop it stop it stop it
sadness,i ve got some bad news
disgust,well you may wanna rethink the dirty underwear
sadness,well its official there are no good movies
anger,phoebe you said it was urgent
anger,i don t care you just get him
non-neutral,nooo no that s not true no best time ever yeah you rocked my world
neutral,can i ask you something
non-neutral,and ross with his over pronouncing every single word
disgust,this morning i caught him looking into our apartment
anger,you had no relationship
fear,tulsa is italy please don t make me go there
neutral,bad things happen to me anyway
anger,so if i said yes he would know i had nothing better to do than wait around for an invitation to his stupid party
surprise,why didn t i see that
non-neutral,i think there are people in there having sex
surprise,oh
surprise,somebody went to college wow what is it i m sorry
sadness,look i feel really bad about how i freaked you out before so i called the father and asked him to meet you here so you can tell him
anger,i got no sleep last night
disgust,and the two times we went out were just plain awkward
anger,oh really that s how treat a friend you get her in trouble and then refuse to marry her
sadness,we ruined everything
non-neutral,oh god just do it call her stop being so testosteroney
anger,damnit phoebe
surprise,my god
fear,uh pheebs some people call that breaking and entering
surprise,what they wanted a scary story
non-neutral,thanks a lot
anger,if i can t have it you can t have it
disgust,bye what a manipulative bitch
disgust,so we finally get to the top of the mountain and airhead here forgets the camera
non-neutral,look all my stuff is safe and dry and all hers is is is growing new stuff
anger,happy is that what i m supposed to be vic happy
sadness,well it s just my entire family was run out of scotland by vikings anyway lots of bad memories
neutral,i feel
non-neutral,ok ive got milk here you go oh better
anger,all right thats thats it get off her
anger,it doesn t say that in the script
fear,i ve kinda of had this ah this crush on you
fear,no umm okay but while you dial let me show you the features of my new ringing handbag oh it does work
fear,i m going crazy okay do you have any thing around here that looks homemade
disgust,uh huh
disgust,what are you crazy
disgust,thats fine just dont bring it in my mouth
disgust,no a guy would be saying i m never gonna get to sleep with anyone else
anger,how do you expect me to stay calm
surprise,not him you don t
sadness,oh shoot i work monday nights
disgust,huh rach i got to say it s gonna take a lot of money for me to go out on a date with a dude
non-neutral,she loves you
fear,so so that s that s what i m doing now
fear,listen do you think and try not to let my intense vulnerability become any kind of a factor here but do you think it would be okay if i asked you out
non-neutral,oh my god look look he s taking off her clothes
neutral,phoebe we re getting
neutral,i got here a little early myself
fear,no no no no
joy,really thats great
surprise,how could it not be
neutral,i m going to the bathroom
disgust,youre making a big mistake here
joy,hey hey hey ho ho i got this one
joy,and a brownie
disgust,oh please
surprise,oh my god monica s gonna go out with a millionaire
surprise,it worked
surprise,what you just click when they click
neutral,yeah she s fired
fear,joey i am scared to death about this
joy,oh it s like a huge weight has been lifted
non-neutral,oh come on we just had this huge fight all right don t i have to wait a while
fear,oh no no i can t do that
sadness,well we re gonna miss you around here
fear,but only because i was up all night worried about this meeting ain t that funny
neutral,yes well mr kostelick wants you to stop by his office at the end of the day
joy,i see pizza
fear,i m so sorry please stop freaking out
fear,what should i wear now i m all nervous
joy,yeah
non-neutral,it was the ring
anger,okay do you okay do you have a search warrant because the last time i checked this was still america
neutral,yeah
disgust,they were huge when she sneezed bats flew out of them
disgust,and shame on all of you
non-neutral,oh im still mad at them but i also now that they bring happiness to lots of kids whos moms didnt kill themselves so by supporting them im doing a good thing but im not
fear,this is the only dessert and if i screw it up everybodys gonna be like oh remember that thanksgiving when rachel screwed up the trifle
surprise,oh a subscription to
neutral,no
non-neutral,of course i am
neutral,what are these
non-neutral,wow this is so amazing i uh i really thought i d have to talk you into this more
neutral,see ya then
fear,yes
joy,i know i almost called off my wedding oh who s your band
surprise,that mail guy had no idea there was something going on between us
neutral,no no they will i just uh
sadness,i m guess i m just done with the whole dating thing
anger,what are you talking about ross you just said that you read it twice
surprise,it took you that long to figure it out huh
surprise,how do you do that
anger,joey you re this guy s teacher i mean how could you do this
surprise,you have a son
disgust,we re not gonna do that
neutral,yes i do
sadness,don t go
non-neutral,you you you didn t know that well i guess my work here is done
surprise,wow
non-neutral,ahh no
disgust,yes on a scale from to being the dumbest a person can look you are definitely
fear,i don t know what i m going to do
surprise,wait you forgot your legs
fear,i don t want to lose you
neutral,come on you
anger,oh not again
disgust,ugh ross
anger,i know what time it is but im looking at the wenus and im not happy
fear,there huh hmm there there was an incident
joy,hi
sadness,im so sorry no im sorry no im sorry no im sorry
neutral,i really thought you making a good point i mean yknow until you got cut off
non-neutral,i mean i love i love this little guy
sadness,you re you re really you re so good
anger,they re still very angry
sadness,were sorry pheebs were sorry
surprise,phoebe what are you doing
neutral,all right sorry
non-neutral,well i i might ve said supergay
disgust,no i do not care what my hormones are doing i am not going to just do it with some random guy
disgust,oh sure every sunday night im telling myself im quitting but every monday morning its like
fear,uh oh
